id_str	ideology	score_animal	score_parasite	score_vermin	score_pressure	score_commodity	score_water	score_war	score_overall	has_hashtag	has_mention	has_url	is_quote_status	is_reply	is_verified	log_chars	log_followers	log_following	log_statuses	year	month	Crime and Punishment	Cultural Identity	Economic	Fairness and Equality	Health and Safety	Legality, Constitutionality, Jurisdiction	Morality and Ethics	Policy Prescription and Evaluation	Political Factors and Implications	Security and Defense	log_favorites	log_retweets
1062145534545313800	3.3291080442832555	0.14301954	0.11370121	0.14907919	0.10758199	0.09545293	0.13076039	0.5113944218951086	0.3396232718951086	0	0	0	1	0	0	4.727387818712341	3.4011973816621555	4.07753744390572	6.873163834212518	2018	11	0	0	0	0	0	0	0	0	0	1	0.6931471805599453	0.0
1123215911111069697	2.2575467572663404	0.13519762	0.048613455	0.110649094	0.116053335	0.06732092	0.15266047	0.11506399	0.538565016128782	0	0	1	0	0	1	5.631211781821365	10.097449430486758	6.226536669287466	6.194405391104672	2019	4	0	0	0	0	0	0	0	1	1	1	5.583496308781699	4.976733742420574
1162059168322338816	-0.1264973141840438	0.09739565	0.12788647	0.13008095	0.13459207	0.084319115	0.09978251	0.06327022	0.0	0	0	1	1	0	1	5.176149732573829	12.02510816748816	7.874739125171811	9.247057954911346	2019	8	0	0	0	0	1	1	0	0	1	0	7.392031567514591	6.194405391104672
1015016251922550785	2.6009497871660563	0.036626805	0.0105938325	0.024008188	0.03780176	0.025546528	0.060155112	-0.006221649	0.0	0	0	1	0	0	0	4.574710978503383	9.569621915779866	9.316320695513417	12.172510691357148	2018	7	0	0	0	0	0	0	0	1	1	0	0.6931471805599453	0.6931471805599453
1043164502462672896	1.058333035051102	0.08945919	0.058875736	0.07264695	0.012549414	0.015173426	0.037419338	0.07411187	0.0	0	1	1	0	1	0	5.049856007249537	4.934473933130692	4.74493212836325	9.613135251528467	2018	9	0	0	0	0	0	0	0	0	1	0	0.0	0.0
1009764186803589121	-1.1297375795455176	0.08576059	0.030805035	0.0411116	0.07692261	0.06393061	0.06239928	0.0929162	0.0	0	1	1	0	0	0	4.718498871295094	8.289037098278483	8.46779284112111	12.016883561158275	2018	6	0	0	0	0	0	1	0	1	1	0	0.0	0.0
1143199528226631681	0.2043202643580909	0.10151586	0.07711011	0.07799345	0.0690423	0.07100564	0.11388856	0.056694373	0.0	0	1	0	0	1	0	4.897839799950911	2.9444389791664403	3.784189633918261	7.9211727215870145	2019	6	1	0	0	0	0	0	0	0	1	0	0.0	0.0
1008805520348606465	2.397784643822245	0.08547729	0.029193694	0.052297693	0.032474786	0.059861057	0.043544296	0.07669875	0.6792465437902172	0	0	1	1	0	0	4.762173934797756	5.924255797414532	4.969813299576001	8.040768994367578	2018	6	1	0	0	0	0	0	0	0	0	0	0.6931471805599453	0.0
1062957103453626368	-1.5055031986504426	0.107078336	0.0563387	0.04621231	0.0865242	0.06711605	0.09809308	0.10610084	0.0	0	0	1	1	0	0	5.14166355650266	4.653960350157523	6.637258031284457	7.334329350300536	2018	11	0	0	1	0	0	0	0	1	1	1	2.5649493574615367	2.3978952727983707
987566938514653186	-1.1531105606381686	0.15265189	0.05585892	0.09522275	0.09665218	0.5730417033134186	0.098841265	0.12142372	0.9102392266268372	0	0	1	0	0	0	4.394449154672439	9.583075655461428	7.580699752224563	9.84659969032908	2018	4	1	0	0	0	1	0	1	0	0	0	1.3862943611198906	1.3862943611198906
1054788419556118528	2.1065213409753656	0.28091007	0.23059896	0.23645604	0.17563228	0.24190013	0.22439271	1.1162697277295224	0.7059122477295223	0	1	0	1	0	0	4.709530201312334	9.167537249650874	9.194414221425925	11.56467315610394	2018	10	0	0	0	0	0	0	0	0	1	1	0.0	0.0
1009780097048633344	2.137086008558063	0.15226407	0.09727474	0.1324267	0.061367348	0.5585407959032518	0.06512528	0.5509630519032518	0.8685889638065035	0	0	1	0	0	0	4.406719247264253	8.156797046675651	8.224431573221159	11.721239602038438	2018	6	1	0	1	0	0	0	0	0	0	0	0.0	0.0
1024468800907956225	-1.3203172715317475	0.22673431	0.22044931	0.19559076	0.1768528	0.818453987807602	0.16893502	0.14581355	0.637857977807602	0	1	1	0	1	0	4.969813299576001	6.434546518787453	6.206575926724928	10.712727452082929	2018	8	1	0	0	0	1	0	1	0	0	0	0.0	0.0
1088151275890532354	-0.500465011666457	0.13574724	0.07041694	0.09375213	0.081670605	0.05976569	0.071200036	0.11005908	0.0	0	1	0	0	1	0	4.770684624465665	2.70805020110221	2.9444389791664403	8.695674048824253	2019	1	1	1	0	0	1	0	0	0	0	0	0.0	0.0
1000289784655310849	-1.2735713093464458	0.17109749	0.09477787	0.10758032	0.11424465	0.15045682	0.14345032	0.1313292	0.0	0	1	1	0	0	0	4.584967478670572	6.824373670043086	7.761744984658913	10.033550436834297	2018	5	0	0	0	0	0	0	0	0	1	0	0.0	0.0
1083873537558044672	0.9558515025679406	0.07709502	0.035432816	0.038340338	0.032397635	0.033646688	0.07469011	0.4082992006818168	0.2710850306818168	0	1	1	0	1	0	5.5909869805108565	2.8903717578961645	4.8283137373023015	4.74493212836325	2019	1	0	0	0	0	0	0	0	0	1	1	0.0	0.0
1095933905960685569	2.622524846636196	0.022106374	0.025170472	0.0009982114	0.020490715	-0.017727923	0.005387109	-0.031186778	0.0	0	1	1	0	1	0	5.272999558563747	9.66523036341187	9.67394859413306	9.85314117809939	2019	2	1	0	1	0	0	0	0	0	0	0	0.0	0.0
1011010622404939776	1.4161194379309108	0.12332161	0.019076636	0.3484369744093973	0.12455247	0.053115144	0.116314	0.09859743	0.2729584204093974	0	1	1	0	0	0	5.631211781821365	6.336825731146441	7.703910209616311	9.39282858154946	2018	6	0	0	0	0	0	1	0	1	1	1	0.0	0.0
1016413761710612480	-1.4605551580876526	0.06434681	0.058900043	0.05809928	0.03178724	0.017318597	0.05665222	0.09110359	0.0	0	1	1	0	1	0	5.786897381366708	4.189654742026425	5.25227342804663	7.966586697638402	2018	7	0	0	0	1	0	0	0	0	1	0	0.6931471805599453	0.0
1008731805426618368	2.947948660310796	0.1391017	0.072566226	0.08544064	0.3553345899364454	0.094341755	0.08717389	0.10875913	0.2642573699364454	0	1	1	0	1	0	5.6240175061873385	7.014814351275545	6.51471269087253	11.374088594584007	2018	6	1	0	0	0	1	0	0	1	0	0	0.0	0.0
1118656623361134592	-1.2753692309689573	0.0417842	0.046319406	0.038865246	0.013231144	0.11403883	0.05020675	0.04342458	0.0	0	1	0	0	1	0	4.248495242049359	6.796823718274855	6.464588303689961	12.782952828167574	2019	4	0	0	0	0	0	1	0	0	0	0	0.0	0.0
1029710210380836865	3.2014556090849315	-0.000982939	-0.01157972	-0.010590142	0.03290976	-0.02523877	0.030008085	-0.007531383	0.0	0	0	1	0	0	0	5.541263545158426	9.454775637424682	5.41164605185504	9.019664010799474	2018	8	0	0	1	0	0	0	0	0	1	0	3.7612001156935615	3.49650756146648
1112669156288196610	3.1834763928598155	0.119733006	0.05018924	0.05854235	0.068689466	0.064759135	0.06377133	0.081378765	0.0	0	1	1	0	1	0	5.049856007249537	5.459585514144159	5.58724865840025	8.820994645747902	2019	4	0	0	0	0	0	0	0	1	0	1	0.0	0.0
1030966775616163840	1.989656435512112	0.19622338	0.13879569	0.18022154	0.12804055	0.13681449	0.17310677	0.5193772855422791	0.3034130755422791	0	0	1	1	0	0	4.990432586778736	9.712569148516655	9.795011076200044	11.736564893317098	2018	8	1	0	0	0	0	0	1	0	1	1	1.791759469228055	0.6931471805599453
1083914070473039873	2.7555710467020544	0.1964781	0.13277361	0.123899736	0.13366029	0.14356773	0.1263618	0.12977108	0.0	0	0	1	1	0	0	4.8283137373023015	6.113682179832232	5.438079308923196	9.127936545721369	2019	1	1	0	1	0	1	0	0	0	1	0	0.0	0.0
1008549460161548288	-1.205250287691005	0.18393634	0.13581446	0.13413185	0.15442255	0.1578956	0.18208627	0.17154868	0.0	1	0	1	1	0	1	5.056245805348308	8.509161019718974	7.160845906664299	8.371704884667631	2018	6	0	0	0	0	0	0	0	0	0	1	0.0	0.0
1039951833802960896	2.4301472330274545	0.13381612	0.0566285	0.07223708	0.09387951	0.102166966	0.11160526	0.114201605	0.0	0	1	0	0	1	0	4.890349128221754	6.911747300251674	7.01571242048723	9.969836933077662	2018	9	0	0	0	0	0	0	0	1	1	1	0.0	0.0
1096791289637597184	-1.0793957741151927	0.13779996	0.062286653	0.07543881	0.10768685	0.067459844	0.056498412	0.11303825	0.0	0	1	0	0	1	0	4.356708826689592	6.448889394146858	7.565793282428515	10.401592611892738	2019	2	1	0	0	0	1	0	0	0	0	0	1.0986122886681098	0.0
1060697446916022272	-0.8312825902085919	0.052320395	0.04265181	0.066556804	0.084806085	0.052022308	0.089669146	0.05283949	0.0	0	1	1	0	1	0	5.717027701406222	5.940171252720432	6.532334292222349	10.226657417917462	2018	11	0	1	1	0	0	0	0	0	0	0	0.0	0.0
1095321846705242114	3.2014556090849315	0.14869922	0.10304227	0.1141946	0.1118531	0.10402192	0.107466236	0.07395969	0.0	0	1	0	0	1	0	4.624972813284271	8.06117135969092	8.400884069015854	8.714895850248494	2019	2	1	0	0	0	0	0	0	0	0	0	0.0	0.0
1113265009575047169	3.09897407660177	0.16304408	0.092657655	0.124743074	0.12829787	0.078976505	0.5796097773134187	0.07908484	0.4551196133134186	1	0	1	0	0	0	4.31748811353631	8.279189777195004	8.517593111437565	9.566755282109057	2019	4	0	0	0	0	0	0	0	0	0	1	1.0986122886681098	0.0
1057804182453972992	0.538733686145249	0.11669749	0.09388833	0.084826946	0.086454295	0.1032293	0.123153985	0.105324395	0.0	0	0	1	0	0	1	4.770684624465665	9.20923976653215	7.432483807917119	13.722367328625989	2018	11	0	0	1	0	0	0	0	0	0	0	0.0	1.791759469228055
1092884620532744192	-1.1531105606381686	0.17373215	0.08788075	0.11525418	0.06851471	0.09811398	0.07111622	0.23234613	0.0	0	1	1	0	1	0	5.14166355650266	7.983781068977451	8.49351506406166	10.168540506927547	2019	2	0	0	0	0	0	0	0	0	0	1	1.0986122886681098	0.0
1144268922239225857	-0.9823080064995664	0.08217598	0.046701524	0.05233582	0.06292685	0.044831753	0.08627797	0.06089386	0.0	0	1	1	0	1	0	5.3471075307174685	2.6390573296152584	2.772588722239781	9.577549634629817	2019	6	0	0	0	0	0	1	0	1	1	0	0.6931471805599453	0.0
1032349860782071813	-1.1764835417308193	0.15637174	0.13323274	0.1366386	0.11251012	0.11576827	0.13895185	0.14595425	0.0	0	1	0	0	1	0	4.290459441148391	5.3981627015177525	6.192362489474872	9.143773127704067	2018	8	0	0	0	0	0	0	1	0	0	0	0.6931471805599453	0.0
1144707519325057024	-0.4051751656733421	0.09716387	0.04644525	0.055703126	0.059597857	0.05058268	0.09260533	0.037506036	0.0	0	0	1	0	0	1	5.71042701737487	9.66007751636045	8.064321960910803	9.084436955087028	2019	6	1	0	0	0	0	0	0	1	1	0	0.0	0.6931471805599453
1010527665072287745	0.0496990048220931	0.13426203	0.0672141	0.08224903	0.11248326	0.11099723	0.10777184	0.13696472	0.0	1	0	0	0	1	0	4.68213122712422	7.099201743553092	6.84587987526405	10.489633984101827	2018	6	0	0	0	0	0	0	0	1	1	0	1.0986122886681098	0.6931471805599453
1003332009815666688	2.7555710467020544	0.08536532	0.048968766	0.061519112	0.016393619	0.042492993	0.043928154	0.4342393331486724	0.3235154531486724	0	1	1	1	0	0	4.983606621708336	8.182838710766026	8.006700845440367	11.46749913675544	2018	6	0	1	0	0	0	0	0	0	0	1	0.0	0.0
1010937628521259009	-1.0488311065324956	-0.010299802	-0.011846943	-0.045726094	-0.046767592	-0.042322107	-0.047279235	-0.0098401485	0.0	0	0	1	0	1	1	5.583496308781699	10.406412044405862	6.093569770045136	11.086716686924117	2018	6	0	1	0	1	0	0	0	1	0	0	2.8903717578961645	1.0986122886681098
1010946652541075456	0.3535477590265539	0.16420501	0.10477614	0.112456456	0.103591844	0.1096458	0.10316102	0.0993088	0.0	1	0	1	1	0	0	4.543294782270004	5.111987788356544	6.068425588244111	9.231220849555536	2018	6	0	0	1	0	0	0	0	0	1	0	0.0	0.0
1103510986617569280	-0.948147495671846	0.15769716	0.07196662	0.068158805	0.13074256	0.13847242	0.13940014	0.10458047	0.0	0	0	1	0	0	0	4.983606621708336	8.554103545436334	8.642238680390461	10.904799348707671	2019	3	1	0	0	0	0	0	0	0	1	0	0.0	1.0986122886681098
1067547771702521857	1.464663321738724	0.10737125	0.0744912	0.10051007	0.05734728	0.080901615	0.102551796	0.13476075	0.0	0	1	0	0	1	0	4.48863636973214	7.955775781534187	8.136518252115291	9.763305521936266	2018	11	0	0	0	0	0	0	0	1	0	0	0.0	0.0
1010497538225524736	1.5114092839240256	0.02761744	0.026857281	0.0422271	0.04498033	-0.005786812	0.077611744	0.011818621	0.0	0	1	1	0	1	0	5.43372200355424	4.248495242049359	3.258096538021482	8.933268478636418	2018	6	0	0	0	0	0	0	0	0	1	1	0.0	0.0
1086740634998792192	2.255748835643829	0.07782852	0.05870099	0.03113461	0.06926854	0.07172403	0.06098192	0.33165890737337	0.2969742043733701	0	1	1	0	1	0	5.081404364984463	3.49650756146648	4.276666119016055	7.332369205929062	2019	1	0	0	1	0	0	0	0	0	1	0	0.0	0.0
1141301677804466177	2.6872500250466134	0.039775696	0.014018369	0.029218763	0.033536263	0.0054990556	0.060965233	0.02499972	0.0	0	1	1	0	1	0	5.579729825986222	5.697093486505405	6.0112671744041615	7.4073177104694174	2019	6	0	0	0	0	0	0	0	1	1	1	0.0	0.0
980860450685489154	2.766358576437124	0.100900635	0.041334502	0.087187886	0.065485924	0.021770678	0.09734377	0.1360634	0.3529561238647611	1	1	1	0	0	0	4.983606621708336	7.532088143541722	7.682943169878292	9.7540590390442	2018	4	0	0	0	0	0	0	0	0	1	1	0.0	0.0
1159948637767475200	-1.3544777823594678	0.07177793	0.08764993	0.017955106	0.024517285	0.046889104	0.049682703	0.07031937	0.333808200695334	0	1	1	0	1	0	5.099866427824199	5.817111159963204	6.688354713946762	9.984237702221238	2019	8	0	0	0	1	0	0	0	0	0	0	0.6931471805599453	0.0
1130517248945164288	-1.1405251092805873	0.1640585	0.10155064	0.11188639	0.06655007	0.09605566	0.09247174	0.20549756	0.0	0	0	0	1	0	0	3.49650756146648	4.77912349311153	6.727431724850855	8.68609172787805	2019	5	1	0	0	0	1	0	0	0	0	0	0.0	0.0
1183805715602984961	-1.2519962498763066	0.12345739	0.040574335	0.054031134	0.10369211	0.08461707	0.10113277	0.070629455	0.0	1	0	1	0	0	0	5.293304824724492	6.976348070447749	6.763884908562435	6.626717749249025	2019	10	0	0	0	0	0	1	0	1	1	0	2.302585092994046	1.791759469228055
1035257566681387008	-1.1674939336182617	0.16005534	0.11434761	0.09838183	0.10842016	0.10762836	0.08740221	0.12231552	0.3898712452512801	0	1	0	0	1	0	4.634728988229636	4.727387818712341	5.655991810819852	8.648396877031582	2018	8	1	0	0	0	0	0	0	0	0	0	0.0	0.0
1143481444163100673	-0.6029465441496183	0.11532437	0.08665105	0.118660316	0.10168341	0.13154498	0.11043517	0.100422665	0.0	0	1	1	0	1	0	5.4510384535657	5.313205979041787	6.093569770045136	8.999866223762636	2019	6	0	0	0	0	1	1	0	0	0	1	0.0	0.0
1131747809923862528	2.915586071105587	0.09694029	0.038076535	0.040951297	0.06292919	0.04728792	0.06553606	0.4052022393733701	0.5939484087467402	0	1	1	0	1	0	5.14166355650266	7.816416983691801	8.346167594364134	10.792756461313976	2019	5	1	0	0	1	1	0	0	1	0	0	0.0	0.0
1010834560202862593	-0.8852202388839399	0.4937233543818446	0.048997205	0.077304766	0.037691902	0.03632161	0.06324751	0.05140208	0.4024296043818446	0	0	1	0	0	0	4.68213122712422	7.790696031174738	8.290794347381356	11.479596163321366	2018	6	0	0	0	1	0	0	0	0	0	0	0.6931471805599453	0.6931471805599453
1051184077984940033	2.354634524881967	0.6970673119032518	0.18315923	0.18627326	0.14253551	0.1764611	0.10076628	0.22328418	0.4342944819032517	0	1	0	0	1	0	4.3694478524670215	6.226536669287466	5.700443573390687	10.070906955077977	2018	10	1	0	0	0	0	0	0	0	0	0	0.6931471805599453	0.0
1008425578050084870	2.9587361900458653	0.20059635	0.111873195	0.13853353	0.14300534	0.10342223	0.15450917	0.11015165	0.0	0	0	1	0	0	0	5.6240175061873385	5.262690188904886	5.849324779946859	6.703188113240863	2018	6	1	0	0	0	0	0	0	0	1	0	0.0	0.0
1111200726242508800	1.845822705711184	0.8938304075904121	0.13641928	0.1985423	0.19642836	0.480003993795206	0.21298873	0.25114778	0.8820423113856182	0	0	1	0	0	0	5.3471075307174685	8.3670677328386	8.49596955496461	10.834134735626902	2019	3	1	0	0	0	0	0	0	0	1	1	0.0	0.0
1154304547407290368	2.342049073524386	0.082601294	0.041492358	0.040863886	0.052400753	0.048669852	0.067598894	0.3279324681440422	0.5086695562880845	0	0	1	0	1	0	5.616771097666572	9.300455261418444	8.91341571815747	10.531669454243714	2019	7	0	1	0	0	0	0	0	0	1	1	2.5649493574615367	1.3862943611198906
1131990259158462465	-1.3922341364322115	0.08164683	0.024920493	0.046042383	0.0575835	0.119417034	0.061131243	0.038865745	0.2859996675026743	0	1	1	0	0	0	5.2832037287379885	6.07073772800249	6.3473892096560105	10.95425672844002	2019	5	0	0	0	0	0	0	0	0	0	0	0.0	0.0
1093716468024274944	2.586566414185964	0.08441003	0.037799135	0.015184454	0.065841146	0.052492965	0.04820926	0.01903392	0.265872585674852	0	1	1	0	1	0	5.631211781821365	5.652489180268651	6.828712071641684	6.9363427358340495	2019	2	0	0	1	0	0	0	0	1	0	0	0.0	0.0
1045017176040566785	0.294216345483671	0.13700972	0.058932416	0.077877626	0.11209036	0.13729091	0.12362672	0.13281143	0.0	0	0	1	1	0	0	5.598421958998375	7.707512194600341	7.839131648274333	10.43482143693347	2018	9	0	0	0	0	0	0	1	1	0	0	0.6931471805599453	1.6094379124341005
1040324087506120704	1.870993608426346	0.255896	0.20884909	0.208865	0.123904124	0.15396301	0.18348338	0.21672586	0.4024296043818446	0	1	0	0	1	0	4.74493212836325	10.671974089641887	9.702655732983075	11.671108005910858	2018	9	1	0	0	0	1	0	0	0	0	0	0.6931471805599453	0.6931471805599453
1057065016061505536	1.184187548626914	0.19008271	0.1212458	0.15464826	0.07949457	0.108745806	0.11801373	0.5175406934088573	0.2769378934088574	0	0	1	0	0	0	5.602118820879701	6.489204931325317	6.3578422665081	8.39660622842712	2018	10	1	0	1	0	1	1	0	0	0	1	0.0	0.0
1079094629797117952	-0.7270031361029188	0.039109286	0.08068261	0.042849816	0.05617952	0.007495926	0.115611225	0.024786877	0.0	0	1	1	0	1	0	5.616771097666572	6.97166860472579	7.759187438507795	8.781555458546402	2018	12	0	0	0	0	1	0	1	0	0	1	0.6931471805599453	0.0
1009434269587034112	-1.1638980903732383	0.13481191	0.09015912	0.09428766	0.0803497	0.110753275	0.11078971	0.16370732	0.0	1	0	0	0	0	0	4.5217885770490405	5.198497031265826	6.391917113392602	8.09376775793108	2018	6	0	0	0	0	0	0	1	0	0	0	0.0	0.6931471805599453
1197921652832641024	0.7670697322042224	0.026453635	0.02419404	0.040884033	0.009117711	0.06988561	0.10660274	0.050743453	0.0	0	1	1	0	1	0	5.351858133476067	5.030437921392435	6.641182169740591	9.089414904047302	2019	11	0	0	0	0	1	0	0	0	0	0	0.0	0.0
1040011928100331520	3.028855133323818	0.17509724	0.1921392	0.1474401	0.10808996	0.10855256	0.12792136	0.1565981	0.0	0	1	1	0	1	0	5.187385805840755	8.708474489581665	8.747193183526933	8.587278798982926	2018	9	0	0	0	0	0	0	0	0	1	1	0.0	0.0
1009851896826343425	3.1241449793169327	0.16283858	0.15227105	0.14881493	0.12971966	0.11790884	0.14228095	0.15820633	0.0	0	1	1	0	1	0	5.662960480135946	7.454719949364001	7.732807530422021	7.81156848934518	2018	6	1	0	0	0	0	0	0	0	1	0	0.6931471805599453	0.6931471805599453
1078484273420795905	2.128096400445505	0.11106905	0.08784228	0.09035873	0.08807358	0.071873724	0.1022173	0.109748185	0.0	0	1	1	1	0	0	5.429345628954441	7.679251425953058	7.970740390007095	10.700701912755346	2018	12	0	0	0	0	0	0	0	1	0	1	0.0	0.0
1115235197467934720	-1.1387271876580758	0.17791753	0.3732181156748519	0.13896282	0.07909007	0.11709828	0.10677927	0.444298385674852	1.063490342699408	0	1	1	0	1	0	5.71042701737487	5.857933154483459	5.831882477283517	8.924523226133914	2019	4	1	0	0	1	1	0	0	1	1	1	0.0	0.0
1128640943836540928	0.8048260862769661	0.12717727	0.06834839	0.08915197	0.087249056	0.09692743	0.11938922	0.115743995	0.0	0	0	0	1	0	0	3.951243718581428	7.598399329323964	7.650168700845001	11.12259031953886	2019	5	0	0	0	0	0	0	0	0	0	0	2.995732273553991	2.079441541679836
986311727619850240	-0.0635700573961376	0.09147112	0.07525621	0.043108698	0.0643581	0.06175457	0.07480467	0.10253581	0.0	0	0	1	0	0	0	4.442651256490317	4.110873864173311	5.327876168789581	9.20230820027892	2018	4	0	0	0	0	0	1	0	0	0	0	0.0	0.0
1079414546127835137	3.3129267496806505	0.15044817	0.15047345	0.12591167	0.09700335	0.08036152	0.10917056	0.100913234	0.0	1	0	1	0	0	0	5.081404364984463	10.391331099910197	10.067390523806065	11.7228865075676	2018	12	0	0	0	1	0	0	0	0	1	0	0.0	0.0
1046891722503016449	1.2363272756797503	0.10389954	0.049431097	0.08109927	0.09577696	0.08267939	0.12217811	0.0779715	0.0	0	1	1	0	1	0	5.537334267018537	3.688879454113936	4.219507705176107	7.934871565945177	2018	10	0	0	0	0	0	0	0	1	1	0	0.0	0.0
1126462312477548544	2.315080249186712	0.06069188	0.02277443	0.048677683	0.068692155	0.04900925	0.07392777	0.09132091	0.0	1	1	0	0	1	0	4.219507705176107	8.805674944038582	8.874727765766853	10.911043932475511	2019	5	0	1	0	0	0	0	0	0	0	0	0.6931471805599453	0.0
1092790266300370945	1.8026725867709048	0.18483569	0.09930551	0.12025729	0.13930143	0.13862082	0.13928337	0.14756124	0.0	0	1	1	1	1	0	4.691347882229144	6.78897174299217	7.1929342212158	9.179984251961285	2019	2	0	0	0	0	0	0	0	0	0	0	0.0	0.0
1156787569092415489	1.1194623702164963	0.054669447	-0.00044291787	0.007984096	0.023073507	0.013344641	0.04112962	0.03751713	0.0	0	1	1	0	1	0	5.666426688112432	4.77912349311153	6.030685260261263	10.385049130615592	2019	8	1	0	0	0	0	1	1	0	0	0	0.6931471805599453	0.0
967452229681795072	2.137086008558063	0.14800632	0.10371295	0.12760508	0.1343026	0.4396920604441248	0.17378767	0.0720868	0.3146579804441248	0	0	1	0	0	0	5.278114659230517	6.588926477533519	7.050122520269059	8.555066843844319	2018	2	0	0	1	0	0	0	0	0	1	0	1.791759469228055	1.3862943611198906
1079411659201015810	1.30285037571268	0.07840487	0.04663088	0.050178405	0.032167673	0.044517472	0.04820075	0.07974481	0.0	0	1	1	0	1	0	5.056245805348308	4.442651256490317	5.123963979403259	8.089175678837561	2018	12	0	0	0	0	0	0	0	0	0	0	0.0	0.0
1044834291396554768	2.286313503226526	0.21202381	0.1449109	0.13885294	0.15996303	0.155066	0.18206812	0.18056153	0.0	0	1	1	0	0	0	4.276666119016055	4.0943445622221	4.406719247264253	6.19644412779452	2018	9	0	0	0	0	0	0	0	0	1	0	0.0	0.0
1164632790765228032	2.442732684385036	0.20578969	0.14764324	0.1598261	0.5176223730688551	0.12960611	0.18161812	0.14494237	0.369269373068855	0	1	1	0	0	0	4.7535901911063645	9.137662146478196	9.179365567676752	10.35028652413727	2019	8	1	0	0	0	1	0	0	0	1	0	1.0986122886681098	0.6931471805599453
1067190767192612865	-1.1998565228234703	0.21560416	0.16572091	0.18420334	0.19739036	0.11227129	0.19480051	0.18845668	0.9102392266268374	0	1	1	0	0	0	5.209486152841421	5.786897381366708	5.342334251964811	8.204945165019208	2018	11	1	0	0	0	1	0	0	0	0	1	0.6931471805599453	0.0
982774116963921920	-0.6335112117323156	-0.00067876495	0.0016534016	-0.016890362	-0.0037792812	-0.00843371	0.010910251	-0.022110704	0.0	0	1	1	1	0	0	5.6240175061873385	7.116394144093465	7.971085753505607	9.082961442646353	2018	4	1	0	1	1	1	0	0	1	0	0	0.0	0.0
1089205734406082560	-0.7989200010033829	0.10983265	0.032429434	0.049957242	0.1111319	0.07095709	0.07030195	0.06396531	0.0	0	1	1	0	1	0	5.768320995793772	4.653960350157523	5.356586274672012	7.406103381237015	2019	1	0	0	1	0	0	0	0	0	0	1	0.0	0.0
1178848858622894087	2.9605341116683768	0.07340842	0.07834089	0.06814397	0.017070763	0.07760878	0.04219652	0.10219998	0.0	0	1	1	0	0	0	5.3981627015177525	8.76170676846664	8.602820277383675	11.068963781457745	2019	10	0	1	0	0	0	0	0	0	0	0	0.0	0.0
982373900683276289	2.73938975209945	0.07507135	0.035020407	0.049055208	0.033317585	0.039202344	0.023474427	0.0786061	0.0	0	1	1	0	1	0	5.288267030694535	6.736966958001855	6.267200548541362	10.494463570484948	2018	4	1	0	0	0	0	1	0	0	0	0	0.0	0.0
1021078255993016322	-0.7917283145133365	0.06817946	0.053424157	0.061777316	0.07820657	0.040889066	0.10523745	0.04782916	0.0	0	0	1	0	0	0	4.68213122712422	5.187385805840755	5.389071729816501	6.182084906716632	2018	7	0	1	0	0	0	0	0	0	1	0	3.1780538303479458	2.079441541679836
1031329593435869184	-1.2214315822936097	0.1290115	0.08864381	0.111219496	0.09263227	0.059026096	0.11541837	0.124407925	0.0	0	1	0	0	1	0	4.762173934797756	6.133398042996649	6.558197802812269	8.672314828283538	2018	8	0	0	0	0	1	0	1	0	0	0	0.0	0.0
1020062995362168832	2.1820340491208534	0.13850667	0.12425664	0.11413761	0.10199148	0.07343863	0.531541513068855	0.11167842	0.369269373068855	1	1	1	0	0	0	4.859812404361672	8.543835122362658	8.651374372882257	12.88899775831982	2018	7	0	0	0	0	0	0	0	0	1	1	0.0	0.0
1084708884357369860	-1.3364985661343518	0.11086403	0.0753435	0.1201339	0.03379345	0.057611093	0.082120545	0.12368579	0.8371659398268709	1	0	1	0	0	0	5.645446897643238	5.983936280687191	8.501876487304344	9.220686664030326	2019	1	0	0	0	0	0	1	1	0	0	1	0.6931471805599453	0.0
1118193272327897089	-1.056022793022542	0.08973082	0.06447888	0.057849247	0.102910355	0.08554349	0.07994132	0.07729022	0.0	0	0	1	0	0	0	5.043425116919247	9.192787212728591	9.13658618338752	12.888302953285734	2019	4	0	0	1	1	0	0	0	0	1	0	0.6931471805599453	0.6931471805599453
1079743171083595776	-1.464151001332676	0.22825919	0.15040526	0.15113604	0.14105901	0.12670659	0.13920969	0.21635161	0.0	0	0	1	0	0	0	4.941642422609304	8.343553835005117	8.480321716640333	11.787438707753658	2018	12	1	0	0	0	1	0	0	0	0	0	0.0	0.0
1199587431999082497	1.0996852323688688	0.0728677	0.0039986814	0.05150679	0.044498704	0.09104888	0.3691561627424936	0.0385684	0.2749075777424936	0	1	1	0	0	0	5.697093486505405	6.519147287940395	8.493924564476883	13.459077013457785	2019	11	0	0	1	0	0	1	0	1	0	0	0.0	0.0
1016021555711799296	1.2057626080970534	0.10359653	0.06947174	0.081820495	0.069871664	0.08473023	0.4022689204093974	0.07507535	0.2729584204093974	0	1	1	0	1	0	5.402677381872279	3.258096538021482	4.844187086458591	6.1779441140506	2018	7	1	0	0	0	0	1	0	0	1	0	0.6931471805599453	0.0
1009412820314648576	-0.5597964252093398	0.13000654	0.09213286	0.08794476	0.5922198869629878	0.10120495	0.12793054	0.08843402	0.4808983469629878	0	0	1	0	0	0	4.406719247264253	9.24048152888817	9.262648151599528	10.899624049615	2018	6	0	0	0	0	0	0	0	1	1	0	0.0	0.0
1127045409220677633	2.766358576437124	0.17742662	0.14438526	0.14562629	0.12882294	0.08133615	0.13087682	0.10489624	0.0	0	0	0	1	0	0	3.737669618283368	5.627621113690637	5.54907608489522	10.576457535657257	2019	5	1	0	0	1	0	0	0	0	1	0	0.0	0.0
1172253201925644288	2.5631934330933124	0.17580268	0.13756923	0.13543178	0.12271943	0.13899551	0.13280073	0.13938873	0.0	0	1	1	0	1	0	4.820281565605037	7.473637108496206	7.550661243105336	10.125710680390595	2019	9	1	0	0	0	0	0	0	0	0	0	0.0	0.0
1024087151950974976	-1.4227988040149089	0.0046818424	0.03546895	0.001837467	-0.018735545	-0.0055754543	-0.009919973	0.03784007	0.0	0	1	1	0	1	0	5.389071729816501	6.911747300251674	7.194436851100335	10.634532456099082	2018	7	0	1	0	1	0	0	0	0	0	0	0.0	0.6931471805599453
976063871030095874	3.356076868620929	0.14639787	0.084220186	0.13674168	0.363073441674852	0.048334036	0.408085225674852	0.10742516	0.7976177570245561	0	1	1	0	1	0	5.5909869805108565	7.216709486709457	7.64826303090192	9.456262510179732	2018	3	1	0	0	0	1	0	0	0	1	0	0.6931471805599453	0.0
1042143563570720770	1.2830732378650522	0.09764596	0.04817038	0.06975727	0.07194996	0.040589675	0.10510672	0.045202244	0.0	0	1	1	0	1	0	5.572154032177765	6.47543271670409	6.865891074883439	5.8805329864007	2018	9	1	0	0	0	0	0	0	0	1	1	0.0	0.0
1010462582044536832	-1.228623268783656	0.16914962	0.11757803	0.17335643	0.09988478	0.09805815	0.15960093	0.15294372	0.0	0	1	1	0	0	0	4.90527477843843	8.416488487294606	8.515391569469609	11.610233647437228	2018	6	1	0	0	0	0	0	0	0	1	0	0.0	0.0
